time_s,total_packets,bytes_in_flight_avg,bytes_in_flight_max,throughput_bps,sack_count,window_size,retransmissions,dupacks,ooo_packets,zero_window_probes,mss_avg,data_bytes,goodput_bps,retrans_rate_pct,ooo_rate_pct,avg_window
0,22,1202.5454545454545,1202.5454545454545,60352.0,0,0,0,0,0,22,1460,7544,60352.0,0.0,0.0,0.0
1,6,676.0,676.0,1316.0,0,0,0,0,0,6,1460,329,1316.0,0.0,0.0,0.0
2,12,0.0,0.0,64.0,0,0,0,0,0,12,1460,24,64.0,0.0,0.0,0.0
4,1,0.0,0.0,49.6,0,0,0,0,0,1,1460,31,49.6,0.0,0.0,0.0
8,4,2.75,2.75,155.55555555555554,0,0,0,0,0,4,1460,175,155.55555555555554,0.0,0.0,0.0
9,3,0.0,0.0,46.4,0,0,0,0,0,3,1460,58,46.4,0.0,0.0,0.0
12,19,0.0,0.0,1120.0,0,0,0,0,0,19,1460,1820,1120.0,0.0,0.0,0.0
16,9,2.2222222222222223,2.2222222222222223,537.4117647058823,0,0,0,0,0,9,1460,1142,537.4117647058823,0.0,0.0,0.0
17,1,34.0,34.0,0.0,0,0,0,0,0,1,1460,0,0.0,0.0,0.0,0.0
18,1,0.0,0.0,5.052631578947368,0,0,0,0,0,1,1460,12,5.052631578947368,0.0,0.0,0.0
19,21,57.42857142857143,57.42857142857143,1295.6,0,0,2,0,0,21,1460,3239,1295.6,9.523809523809524,0.0,0.0
20,13,23.0,23.0,632.7619047619048,0,0,0,0,0,13,1460,1661,632.7619047619048,0.0,0.0,0.0
21,36,58.47222222222222,58.47222222222222,4209.818181818182,1,0,2,1,0,36,1460,11577,4209.818181818182,5.555555555555555,0.0,0.0
22,9,73.88888888888889,73.88888888888889,41.04347826086956,0,0,1,0,0,9,1460,118,41.04347826086956,11.11111111111111,0.0,0.0
23,9,93.77777777777777,93.77777777777777,185.0,1,0,0,0,0,9,1460,555,185.0,0.0,0.0,0.0
24,22,394.3181818181818,394.3181818181818,1193.28,0,0,0,0,0,22,1460,3729,1193.28,0.0,0.0,0.0
25,10,1447.7,1447.7,278.7692307692308,0,0,1,0,0,10,1460,906,278.7692307692308,10.0,0.0,0.0
26,7,1614.4285714285713,1614.4285714285713,155.85185185185185,0,0,0,0,0,7,1460,526,155.85185185185185,0.0,0.0,0.0
27,4,1436.25,1436.25,53.42857142857143,0,0,0,0,0,4,1460,187,53.42857142857143,0.0,0.0,0.0
28,2,1419.0,1419.0,19.586206896551722,0,0,0,0,0,2,1460,71,19.586206896551722,0.0,0.0,0.0
29,3,0.0,0.0,15.466666666666667,0,0,0,0,0,3,1460,58,15.466666666666667,0.0,0.0,0.0
30,1,0.0,0.0,4003.3548387096776,0,0,0,0,0,1,1460,15513,4003.3548387096776,0.0,0.0,0.0
31,40,2888.55,2888.55,7530.25,1,0,1,1,0,40,1460,30121,7530.25,2.5,0.0,0.0
36,4,0.0,0.0,5.1891891891891895,0,0,3,0,0,4,1460,24,5.1891891891891895,75.0,0.0,0.0
37,4,0.0,0.0,5.052631578947368,0,0,3,0,0,4,1460,24,5.052631578947368,75.0,0.0,0.0
38,1,0.0,0.0,1.2307692307692308,0,0,1,0,0,1,1460,6,1.2307692307692308,100.0,0.0,0.0
39,2,0.0,0.0,2.4,0,0,2,0,0,2,1460,12,2.4,100.0,0.0,0.0
40,1,0.0,0.0,1.170731707317073,0,0,1,0,0,1,1460,6,1.170731707317073,100.0,0.0,0.0
42,1,16047.0,16047.0,24.186046511627907,0,0,0,0,0,1,1460,130,24.186046511627907,0.0,0.0,0.0
43,2,0.0,0.0,1.0909090909090908,0,0,1,0,0,2,1460,6,1.0909090909090908,50.0,0.0,0.0
44,1,0.0,0.0,1.0666666666666667,0,0,1,0,0,1,1460,6,1.0666666666666667,100.0,0.0,0.0
47,2,8088.5,8088.5,22.0,0,0,0,0,0,2,1460,132,22.0,0.0,0.0,0.0
48,1,0.0,0.0,5.061224489795919,0,0,1,0,0,1,1460,31,5.061224489795919,100.0,0.0,0.0
49,3,0.0,0.0,9.28,0,0,0,0,0,3,1460,58,9.28,0.0,0.0,0.0
50,1,0.0,0.0,0.9411764705882353,0,0,1,0,0,1,1460,6,0.9411764705882353,100.0,0.0,0.0
51,1,0.0,0.0,0.9230769230769231,0,0,1,0,0,1,1460,6,0.9230769230769231,100.0,0.0,0.0
52,4,8003.0,8003.0,142.49056603773585,0,0,0,0,0,4,1460,944,142.49056603773585,0.0,0.0,0.0
54,2,8286.0,8286.0,10.909090909090908,0,0,0,0,0,2,1460,75,10.909090909090908,0.0,0.0,0.0
55,4,8254.0,8254.0,20.142857142857142,0,0,0,0,0,4,1460,141,20.142857142857142,0.0,0.0,0.0
63,2,8088.5,8088.5,51.0,0,0,0,0,0,2,1460,408,51.0,0.0,0.0,0.0
64,6,8153.5,8153.5,103.63076923076923,0,0,0,0,0,6,1460,842,103.63076923076923,0.0,0.0,0.0
65,2,0.0,0.0,1.4545454545454546,0,0,2,0,0,2,1460,12,1.4545454545454546,100.0,0.0,0.0
66,4,14.25,14.25,20.895522388059703,0,0,0,0,0,4,1460,175,20.895522388059703,0.0,0.0,0.0
68,2,0.0,0.0,1.9710144927536233,1,0,0,0,0,2,1460,17,1.9710144927536233,0.0,0.0,0.0
69,3,3.3333333333333335,3.3333333333333335,6.628571428571429,0,0,0,0,0,3,1460,58,6.628571428571429,0.0,0.0,0.0
73,4,21.75,21.75,18.91891891891892,0,0,0,0,0,4,1460,175,18.91891891891892,0.0,0.0,0.0
79,1,0.0,0.0,15.1,0,0,0,0,0,1,1460,151,15.1,0.0,0.0,0.0
80,18,101.05555555555556,101.05555555555556,3.5555555555555554,0,0,0,0,0,18,1460,36,3.5555555555555554,0.0,0.0,0.0
81,5,0.0,0.0,56.292682926829265,0,0,0,0,0,5,1460,577,56.292682926829265,0.0,0.0,0.0
82,2,0.0,0.0,14.650602409638553,0,0,0,0,0,2,1460,152,14.650602409638553,0.0,0.0,0.0
84,7,4755.428571428572,4755.428571428572,14.305882352941177,0,0,0,0,0,7,1460,152,14.305882352941177,0.0,0.0,0.0
89,2,51.5,51.5,4.622222222222222,0,0,0,0,0,2,1460,52,4.622222222222222,0.0,0.0,0.0
90,6,715830675.1666666,715830675.1666666,7.2967032967032965,0,0,2,0,0,6,1460,83,7.2967032967032965,33.33333333333333,0.0,0.0
91,43,199769689.4651163,199769689.4651163,2673.304347826087,1,0,3,0,0,43,1460,30743,2673.304347826087,6.976744186046512,0.0,0.0
92,1,4294967265.0,4294967265.0,2.6666666666666665,0,0,1,0,0,1,1460,31,2.6666666666666665,100.0,0.0,0.0
93,2,0.0,0.0,1.0212765957446808,0,0,2,0,0,2,1460,12,1.0212765957446808,100.0,0.0,0.0
94,1,4294967265.0,4294967265.0,2.610526315789474,0,0,1,0,0,1,1460,31,2.610526315789474,100.0,0.0,0.0
95,21,409045486.47619045,409045486.47619045,1396.1666666666667,0,0,3,0,0,21,1460,16754,1396.1666666666667,14.285714285714285,0.0,0.0
96,3,1431655757.3333333,1431655757.3333333,74.30927835051547,0,0,1,0,0,3,1460,901,74.30927835051547,33.33333333333333,0.0,0.0
97,2,4294967268.5,4294967268.5,4.489795918367347,0,0,2,0,0,2,1460,55,4.489795918367347,100.0,0.0,0.0
98,1,4294967272.0,4294967272.0,1.9393939393939394,0,0,1,0,0,1,1460,24,1.9393939393939394,100.0,0.0,0.0
102,1,4294967272.0,4294967272.0,1.8640776699029127,0,0,1,0,0,1,1460,24,1.8640776699029127,100.0,0.0,0.0
104,1,4294967265.0,4294967265.0,2.361904761904762,0,0,1,0,0,1,1460,31,2.361904761904762,100.0,0.0,0.0
109,1,4294967272.0,4294967272.0,1.7454545454545454,0,0,1,0,0,1,1460,24,1.7454545454545454,100.0,0.0,0.0
110,3,64.66666666666667,64.66666666666667,4.18018018018018,0,0,0,0,0,3,1460,58,4.18018018018018,0.0,0.0,0.0
113,2,0.0,0.0,1.1929824561403508,1,0,0,0,0,2,1460,17,1.1929824561403508,0.0,0.0,0.0
118,1,4294967265.0,4294967265.0,2.0840336134453783,0,0,1,0,0,1,1460,31,2.0840336134453783,100.0,0.0,0.0
123,1,4294967272.0,4294967272.0,1.5483870967741935,0,0,1,0,0,1,1460,24,1.5483870967741935,100.0,0.0,0.0
129,3,62.0,62.0,3.5692307692307694,0,0,0,0,0,3,1460,58,3.5692307692307694,0.0,0.0,0.0
139,2,45.5,45.5,8.685714285714285,0,0,0,0,0,2,1460,152,8.685714285714285,0.0,0.0,0.0
146,1,4294967265.0,4294967265.0,1.6870748299319729,0,0,1,0,0,1,1460,31,1.6870748299319729,100.0,0.0,0.0
149,2,121.5,121.5,2.7733333333333334,0,0,0,0,0,2,1460,52,2.7733333333333334,0.0,0.0,0.0
150,2,2147483755.5,2147483755.5,1.5894039735099337,0,0,1,0,0,2,1460,30,1.5894039735099337,50.0,0.0,0.0
154,14,25.285714285714285,25.285714285714285,34.116129032258065,0,0,0,0,0,14,1460,661,34.116129032258065,0.0,0.0,0.0
158,2,0.0,0.0,0.8553459119496856,1,0,0,0,0,2,1460,17,0.8553459119496856,0.0,0.0,0.0
159,23,1595.9130434782608,1595.9130434782608,522.15,0,0,1,0,0,23,1460,10443,522.15,4.3478260869565215,0.0,0.0
163,1,0.0,0.0,0.5853658536585366,0,0,0,0,0,1,1460,12,0.5853658536585366,0.0,0.0,0.0
164,1,0.0,0.0,0.5818181818181818,0,0,1,0,0,1,1460,12,0.5818181818181818,100.0,0.0,0.0
166,1,0.0,0.0,0.5748502994011976,0,0,1,0,0,1,1460,12,0.5748502994011976,100.0,0.0,0.0
169,3,158.0,158.0,2.7294117647058824,0,0,0,0,0,3,1460,58,2.7294117647058824,0.0,0.0,0.0
170,1,0.0,0.0,0.5614035087719298,0,0,1,0,0,1,1460,12,0.5614035087719298,100.0,0.0,0.0
178,1,0.0,0.0,0.5363128491620112,0,0,1,0,0,1,1460,12,0.5363128491620112,100.0,0.0,0.0
182,2,117.5,117.5,6.644808743169399,0,0,0,0,0,2,1460,152,6.644808743169399,0.0,0.0,0.0
186,5,0.0,0.0,21.13368983957219,0,0,0,0,0,5,1460,494,21.13368983957219,0.0,0.0,0.0
187,22,1410.2272727272727,1410.2272727272727,566.7659574468086,1,0,1,0,0,22,1460,13319,566.7659574468086,4.545454545454546,0.0,0.0
188,39,2388.0,2388.0,1239.4920634920634,0,0,0,0,0,39,1460,29283,1239.4920634920634,0.0,0.0,0.0
190,3,256.6666666666667,256.6666666666667,2.4293193717277486,0,0,0,0,0,3,1460,58,2.4293193717277486,0.0,0.0,0.0
192,23,2862.3478260869565,2862.3478260869565,519.419689119171,0,0,0,0,0,23,1460,12531,519.419689119171,0.0,0.0,0.0
193,4,3750.75,3750.75,14.350515463917526,0,0,0,0,0,4,1460,348,14.350515463917526,0.0,0.0,0.0
195,4,146.5,146.5,7.142857142857143,0,0,0,0,0,4,1460,175,7.142857142857143,0.0,0.0,0.0
202,1,0.0,0.0,5.9507389162561575,0,0,1,0,0,1,1460,151,5.9507389162561575,100.0,0.0,0.0
204,2,3196.5,3196.5,0.6634146341463415,1,0,0,0,0,2,1460,17,0.6634146341463415,0.0,0.0,0.0
209,32,1022.28125,1022.28125,383.3904761904762,0,0,0,0,0,32,1460,10064,383.3904761904762,0.0,0.0,0.0
210,241,16049.228215767635,16049.228215767635,5657.402843601896,1,0,3,1,5,241,1460,149214,5657.402843601896,1.2448132780082988,2.0746887966804977,0.0
211,116,2076.25,2076.25,1582.0,0,0,0,0,0,116,1460,41923,1582.0,0.0,0.0,0.0
212,68,460.36764705882354,460.36764705882354,833.6150234741784,0,0,0,0,0,68,1460,22195,833.6150234741784,0.0,0.0,0.0
213,345,23690.4,23690.4,8865.084112149532,2,0,31,11,31,345,1460,237141,8865.084112149532,8.985507246376812,8.985507246376812,0.0
214,255,9415.925490196078,9415.925490196078,5473.823255813953,1,0,1,0,0,255,1460,147109,5473.823255813953,0.39215686274509803,0.0,0.0
215,230,76784.51739130435,76784.51739130435,5588.7037037037035,2,0,21,10,6,230,1460,150895,5588.7037037037035,9.130434782608695,2.608695652173913,0.0
216,418,79269.23923444976,79269.23923444976,13162.543778801843,2,0,52,23,57,418,1460,357034,13162.543778801843,12.440191387559809,13.636363636363635,0.0
217,139,13397.093525179856,13397.093525179856,1770.788990825688,0,0,0,0,0,139,1460,48254,1770.788990825688,0.0,0.0,0.0
218,76,11202.776315789473,11202.776315789473,1134.4657534246576,0,0,0,0,0,76,1460,31056,1134.4657534246576,0.0,0.0,0.0
219,11,1456.3636363636363,1456.3636363636363,189.4181818181818,0,0,2,0,0,11,1460,5209,189.4181818181818,18.181818181818183,0.0,0.0
220,76,193375.7894736842,193375.7894736842,2555.8009049773755,1,0,1,5,8,76,1460,70604,2555.8009049773755,1.3157894736842104,10.526315789473683,0.0
221,7,3146.5714285714284,3146.5714285714284,187.38738738738738,0,0,0,0,0,7,1460,5200,187.38738738738738,0.0,0.0,0.0
222,14,27572.928571428572,27572.928571428572,36.95067264573991,0,0,0,0,0,14,1460,1030,36.95067264573991,0.0,0.0,0.0
226,12,5272.333333333333,5272.333333333333,268.68722466960355,0,0,0,0,0,12,1460,7624,268.68722466960355,0.0,0.0,0.0
229,3,230.66666666666666,230.66666666666666,2.017391304347826,0,0,0,0,0,3,1460,58,2.017391304347826,0.0,0.0,0.0
234,12,6555.416666666667,6555.416666666667,259.4382978723404,0,0,0,0,0,12,1460,7621,259.4382978723404,0.0,0.0,0.0
244,22,2428.2272727272725,2428.2272727272725,366.56326530612245,0,0,0,0,0,22,1460,11226,366.56326530612245,0.0,0.0,0.0
245,16,9278.375,9278.375,489.6260162601626,0,0,0,0,0,16,1460,15056,489.6260162601626,0.0,0.0,0.0
246,22,23039.727272727272,23039.727272727272,738.1052631578947,0,0,0,0,0,22,1460,22789,738.1052631578947,0.0,0.0,0.0
247,12,15894.75,15894.75,211.80645161290323,0,0,0,0,0,12,1460,6566,211.80645161290323,0.0,0.0,0.0
249,13,27526.53846153846,27526.53846153846,299.456,0,0,0,0,0,13,1460,9358,299.456,0.0,0.0,0.0
250,15,5141.066666666667,5141.066666666667,243.56972111553785,1,0,0,0,0,15,1460,7642,243.56972111553785,0.0,0.0,0.0
251,1,26392.0,26392.0,0.0,0,0,0,0,0,1,1460,0,0.0,0.0,0.0,0.0
257,27,1231.7777777777778,1231.7777777777778,175.03875968992247,0,0,0,0,0,27,1460,5645,175.03875968992247,0.0,0.0,0.0
258,4,3275.75,3275.75,0.803088803088803,1,0,0,0,0,4,1460,26,0.803088803088803,0.0,0.0,0.0
259,2,1561.0,1561.0,0.4,1,0,0,0,0,2,1460,13,0.4,0.0,0.0,0.0
260,4,1892.0,1892.0,0.7969348659003831,1,0,0,0,0,4,1460,26,0.7969348659003831,0.0,0.0,0.0
261,2,1538.0,1538.0,0.3969465648854962,1,0,0,0,0,2,1460,13,0.3969465648854962,0.0,0.0,0.0
262,4,1715.0,1715.0,0.7908745247148289,1,0,0,0,0,4,1460,26,0.7908745247148289,0.0,0.0,0.0
263,10,42200.7,42200.7,1.9696969696969697,1,0,0,0,0,10,1460,65,1.9696969696969697,0.0,0.0,0.0
269,3,225.33333333333334,225.33333333333334,1.7185185185185186,0,0,0,0,0,3,1460,58,1.7185185185185186,0.0,0.0,0.0
270,13,718.6153846153846,718.6153846153846,171.98523985239854,0,0,0,0,0,13,1460,5826,171.98523985239854,0.0,0.0,0.0
271,22,4232.772727272727,4232.772727272727,218.7941176470588,0,0,0,0,0,22,1460,7439,218.7941176470588,0.0,0.0,0.0
277,43,3093.7906976744184,3093.7906976744184,406.3884892086331,0,0,0,0,0,43,1460,14122,406.3884892086331,0.0,0.0,0.0
282,9,9527.333333333334,9527.333333333334,175.32155477031802,0,0,0,0,0,9,1460,6202,175.32155477031802,0.0,0.0,0.0
289,3,222.66666666666666,222.66666666666666,1.6,0,0,0,0,0,3,1460,58,1.6,0.0,0.0,0.0
293,67,40206.58208955224,40206.58208955224,580.6802721088435,0,0,0,0,0,67,1460,21340,580.6802721088435,0.0,0.0,0.0
294,20,7464.9,7464.9,289.89830508474574,0,0,0,0,0,20,1460,10690,289.89830508474574,0.0,0.0,0.0
295,32,27699.375,27699.375,143.02702702702703,1,0,0,0,0,32,1460,5292,143.02702702702703,0.0,0.0,0.0
296,26,41966.346153846156,41966.346153846156,29.602693602693602,0,0,0,0,0,26,1460,1099,29.602693602693602,0.0,0.0,0.0
297,32,39223.96875,39223.96875,30.25503355704698,0,0,0,0,0,32,1460,1127,30.25503355704698,0.0,0.0,0.0
298,34,39707.26470588235,39707.26470588235,33.57859531772575,0,0,0,0,0,34,1460,1255,33.57859531772575,0.0,0.0,0.0
299,33,39217.757575757576,39217.757575757576,31.386666666666667,0,0,0,0,0,33,1460,1177,31.386666666666667,0.0,0.0,0.0
300,32,41050.6875,41050.6875,30.72425249169435,0,0,0,0,0,32,1460,1156,30.72425249169435,0.0,0.0,0.0
301,32,44135.375,44135.375,31.735099337748345,0,0,0,0,0,32,1460,1198,31.735099337748345,0.0,0.0,0.0
302,30,45136.2,45136.2,31.181518151815183,0,0,0,0,0,30,1460,1181,31.181518151815183,0.0,0.0,0.0
303,35,37046.25714285715,37046.25714285715,30.42105263157895,1,0,0,0,0,35,1460,1156,30.42105263157895,0.0,0.0,0.0
304,38,41036.65789473684,41036.65789473684,33.442622950819676,1,0,0,0,0,38,1460,1275,33.442622950819676,0.0,0.0,0.0
305,34,41634.470588235294,41634.470588235294,30.326797385620914,1,0,0,0,0,34,1460,1160,30.326797385620914,0.0,0.0,0.0
306,34,42126.91176470588,42126.91176470588,30.462540716612377,0,0,0,0,0,34,1460,1169,30.462540716612377,0.0,0.0,0.0
307,35,41553.25714285715,41553.25714285715,29.454545454545453,1,0,0,0,0,35,1460,1134,29.454545454545453,0.0,0.0,0.0
308,37,41271.37837837838,41271.37837837838,31.48220064724919,1,0,0,0,0,37,1460,1216,31.48220064724919,0.0,0.0,0.0
309,38,43834.47368421053,43834.47368421053,34.090322580645164,0,0,0,0,0,38,1460,1321,34.090322580645164,0.0,0.0,0.0
310,32,47216.40625,47216.40625,30.919614147909968,0,0,0,0,0,32,1460,1202,30.919614147909968,0.0,0.0,0.0
311,28,44967.642857142855,44967.642857142855,26.666666666666668,0,0,0,0,0,28,1460,1040,26.666666666666668,0.0,0.0,0.0
312,30,51613.86666666667,51613.86666666667,29.776357827476037,0,0,0,0,0,30,1460,1165,29.776357827476037,0.0,0.0,0.0
313,32,51881.34375,51881.34375,30.089171974522294,0,0,0,0,0,32,1460,1181,30.089171974522294,0.0,0.0,0.0
314,33,50908.15151515151,50908.15151515151,31.72063492063492,0,0,0,0,0,33,1460,1249,31.72063492063492,0.0,0.0,0.0
315,31,51823.32258064516,51823.32258064516,28.632911392405063,0,0,0,0,0,31,1460,1131,28.632911392405063,0.0,0.0,0.0
316,30,54205.8,54205.8,30.28391167192429,0,0,0,0,0,30,1460,1200,30.28391167192429,0.0,0.0,0.0
317,31,53095.096774193546,53095.096774193546,34.64150943396226,0,0,0,0,0,31,1460,1377,34.64150943396226,0.0,0.0,0.0
318,462,46749.99134199134,46749.99134199134,12884.313479623825,2,0,61,29,13,462,1460,513762,12884.313479623825,13.203463203463203,2.813852813852814,0.0
319,102,68649.32352941176,68649.32352941176,758.2,0,0,2,0,0,102,1460,30328,758.2,1.9607843137254901,0.0,0.0
320,561,243079.1247771836,243079.1247771836,17552.32398753894,1,0,53,35,1,561,1460,704287,17552.32398753894,9.44741532976827,0.17825311942959002,0.0
321,311,362412.5723472669,362412.5723472669,9486.360248447205,1,0,26,14,0,311,1460,381826,9486.360248447205,8.360128617363344,0.0,0.0
322,271,490760.73800738005,490760.73800738005,6977.733746130031,1,0,25,16,1,271,1460,281726,6977.733746130031,9.22509225092251,0.36900369003690037,0.0
323,378,606979.4312169312,606979.4312169312,12002.543209876543,1,0,40,31,2,378,1460,486103,12002.543209876543,10.582010582010582,0.5291005291005291,0.0
324,448,747451.59375,747451.59375,12578.904615384616,1,0,46,30,0,448,1460,511018,12578.904615384616,10.267857142857142,0.0,0.0
325,314,809304.1305732484,809304.1305732484,8675.65644171779,1,0,25,15,0,314,1460,353533,8675.65644171779,7.961783439490445,0.0,0.0
326,388,936763.9536082475,936763.9536082475,11299.59633027523,1,0,34,21,1,388,1460,461871,11299.59633027523,8.762886597938143,0.25773195876288657,0.0
327,369,1162022.7588075881,1162022.7588075881,10042.146341463415,1,0,39,29,1,369,1460,411728,10042.146341463415,10.569105691056912,0.27100271002710025,0.0
328,397,1334183.8664987406,1334183.8664987406,11533.130699088146,1,0,41,20,1,397,1460,474300,11533.130699088146,10.327455919395465,0.2518891687657431,0.0
329,147,1083633.4353741496,1083633.4353741496,3930.4242424242425,1,0,12,5,1,147,1460,162130,3930.4242424242425,8.16326530612245,0.6802721088435374,0.0
330,175,1200992.04,1200992.04,4578.561933534743,1,0,15,11,0,175,1460,189438,4578.561933534743,8.571428571428571,0.0,0.0
331,38,1500379.4473684211,1500379.4473684211,99.32530120481928,0,0,0,0,0,38,1460,4122,99.32530120481928,0.0,0.0,0.0
332,31,1712390.9677419355,1712390.9677419355,27.57957957957958,0,0,0,0,0,31,1460,1148,27.57957957957958,0.0,0.0,0.0
333,28,818806.6785714285,818806.6785714285,207.2574850299401,0,0,0,0,0,28,1460,8653,207.2574850299401,0.0,0.0,0.0
334,4,957571.75,957571.75,40.167164179104475,0,0,0,0,0,4,1460,1682,40.167164179104475,0.0,0.0,0.0
335,5,1515980.8,1515980.8,28.761904761904763,1,0,1,1,0,5,1460,1208,28.761904761904763,20.0,0.0,0.0
337,11,11096.545454545454,11096.545454545454,105.30177514792899,0,0,0,0,0,11,1460,4449,105.30177514792899,0.0,0.0,0.0
338,32,475593.5625,475593.5625,164.20058997050148,0,0,0,0,0,32,1460,6958,164.20058997050148,0.0,0.0,0.0
339,3,1262915.6666666667,1262915.6666666667,13.129411764705882,0,0,0,0,0,3,1460,558,13.129411764705882,0.0,0.0,0.0
340,41,654340.2926829269,654340.2926829269,363.2844574780059,1,0,0,0,0,41,1460,15485,363.2844574780059,0.0,0.0,0.0
341,17,462211.17647058825,462211.17647058825,150.92397660818713,0,0,0,0,0,17,1460,6452,150.92397660818713,0.0,0.0,0.0
342,31,1712621.935483871,1712621.935483871,47.673469387755105,0,0,0,0,0,31,1460,2044,47.673469387755105,0.0,0.0,0.0
343,25,1515052.08,1515052.08,28.186046511627907,0,0,0,0,0,25,1460,1212,28.186046511627907,0.0,0.0,0.0
344,31,1832271.0,1832271.0,25.507246376811594,0,0,0,0,0,31,1460,1100,25.507246376811594,0.0,0.0,0.0
345,32,1656185.59375,1656185.59375,26.612716763005782,0,0,0,0,0,32,1460,1151,26.612716763005782,0.0,0.0,0.0
346,43,1411495.0,1411495.0,181.14121037463977,0,0,0,0,0,43,1460,7857,181.14121037463977,0.0,0.0,0.0
347,34,1781884.5588235294,1781884.5588235294,49.42528735632184,0,0,0,0,0,34,1460,2150,49.42528735632184,0.0,0.0,0.0
348,30,1386931.2666666666,1386931.2666666666,27.57593123209169,1,0,0,0,0,30,1460,1203,27.57593123209169,0.0,0.0,0.0
349,35,1296442.9142857143,1296442.9142857143,29.622857142857143,1,0,0,0,0,35,1460,1296,29.622857142857143,0.0,0.0,0.0
350,34,1667663.1470588236,1667663.1470588236,28.034188034188034,1,0,0,0,0,34,1460,1230,28.034188034188034,0.0,0.0,0.0
351,33,1832084.1515151516,1832084.1515151516,26.272727272727273,0,0,0,0,0,33,1460,1156,26.272727272727273,0.0,0.0,0.0
352,33,1716993.9090909092,1716993.9090909092,29.099150141643058,0,0,0,0,0,33,1460,1284,29.099150141643058,0.0,0.0,0.0
353,34,1667493.794117647,1667493.794117647,27.887005649717516,1,0,0,0,0,34,1460,1234,27.887005649717516,0.0,0.0,0.0
354,27,1398169.3703703703,1398169.3703703703,26.32112676056338,0,0,0,0,0,27,1460,1168,26.32112676056338,0.0,0.0,0.0
355,31,1704338.7096774194,1704338.7096774194,26.89887640449438,0,0,0,0,0,31,1460,1197,26.89887640449438,0.0,0.0,0.0
356,33,1600539.303030303,1600539.303030303,40.42577030812325,0,0,0,0,0,33,1460,1804,40.42577030812325,0.0,0.0,0.0
357,30,1634171.3666666667,1634171.3666666667,27.39664804469274,0,0,0,0,0,30,1460,1226,27.39664804469274,0.0,0.0,0.0
358,33,1713603.0606060605,1713603.0606060605,28.144846796657383,0,0,0,0,0,33,1460,1263,28.144846796657383,0.0,0.0,0.0
359,29,1819424.551724138,1819424.551724138,23.6,0,0,0,0,0,29,1460,1062,23.6,0.0,0.0,0.0
360,30,1632667.4,1632667.4,26.21606648199446,0,0,0,0,0,30,1460,1183,26.21606648199446,0.0,0.0,0.0
361,34,1883278.0294117648,1883278.0294117648,26.497237569060772,0,0,0,0,0,34,1460,1199,26.497237569060772,0.0,0.0,0.0
362,31,1821990.9032258065,1821990.9032258065,22.898071625344354,0,0,0,0,0,31,1460,1039,22.898071625344354,0.0,0.0,0.0
363,34,1660664.3529411764,1660664.3529411764,28.98901098901099,0,0,0,0,0,34,1460,1319,28.98901098901099,0.0,0.0,0.0
364,32,1530171.59375,1530171.59375,23.495890410958904,0,0,0,0,0,32,1460,1072,23.495890410958904,0.0,0.0,0.0
365,29,1556686.0,1556686.0,28.218579234972676,0,0,0,0,0,29,1460,1291,28.218579234972676,0.0,0.0,0.0
366,31,1698431.6129032257,1698431.6129032257,23.280653950953678,0,0,0,0,0,31,1460,1068,23.280653950953678,0.0,0.0,0.0
367,32,1762388.4375,1762388.4375,25.456521739130434,0,0,0,0,0,32,1460,1171,25.456521739130434,0.0,0.0,0.0
368,31,1697440.2580645161,1697440.2580645161,25.907859078590786,0,0,0,0,0,31,1460,1195,25.907859078590786,0.0,0.0,0.0
369,46,1150233.152173913,1150233.152173913,39.61081081081081,1,0,0,0,0,46,1460,1832,39.61081081081081,0.0,0.0,0.0
370,33,1707358.7272727273,1707358.7272727273,24.90566037735849,0,0,0,0,0,33,1460,1155,24.90566037735849,0.0,0.0,0.0
371,27,1529899.7777777778,1529899.7777777778,24.107526881720432,0,0,0,0,0,27,1460,1121,24.107526881720432,0.0,0.0,0.0
372,34,1657452.6470588236,1657452.6470588236,24.386058981233244,1,0,0,0,0,34,1460,1137,24.386058981233244,0.0,0.0,0.0
373,33,1705806.2121212122,1705806.2121212122,26.93048128342246,0,0,0,0,0,33,1460,1259,26.93048128342246,0.0,0.0,0.0
374,32,1641334.8125,1641334.8125,26.56,0,0,0,0,0,32,1460,1245,26.56,0.0,0.0,0.0
375,35,1396514.142857143,1396514.142857143,26.872340425531913,1,0,0,0,0,35,1460,1263,26.872340425531913,0.0,0.0,0.0
376,30,1749649.9666666666,1749649.9666666666,25.50663129973475,0,0,0,0,0,30,1460,1202,25.50663129973475,0.0,0.0,0.0
377,31,1813595.8064516129,1813595.8064516129,24.52910052910053,0,0,0,0,0,31,1460,1159,24.52910052910053,0.0,0.0,0.0
378,27,1665293.5925925926,1665293.5925925926,23.683377308707126,0,0,0,0,0,27,1460,1122,23.683377308707126,0.0,0.0,0.0
379,31,1570790.935483871,1570790.935483871,26.757894736842104,0,0,0,0,0,31,1460,1271,26.757894736842104,0.0,0.0,0.0
380,33,1702079.8181818181,1702079.8181818181,24.503937007874015,0,0,0,0,0,33,1460,1167,24.503937007874015,0.0,0.0,0.0
381,30,1746978.7,1746978.7,23.664921465968586,0,0,0,0,0,30,1460,1130,23.664921465968586,0.0,0.0,0.0
382,32,1871162.875,1871162.875,24.02088772845953,0,0,0,0,0,32,1460,1150,24.02088772845953,0.0,0.0,0.0
383,26,1726702.5,1726702.5,22.729166666666668,0,0,0,0,0,26,1460,1091,22.729166666666668,0.0,0.0,0.0
384,30,1745429.8333333333,1745429.8333333333,23.792207792207794,0,0,0,0,0,30,1460,1145,23.792207792207794,0.0,0.0,0.0
385,37,1617041.5945945946,1617041.5945945946,26.487046632124354,1,0,0,0,0,37,1460,1278,26.487046632124354,0.0,0.0,0.0
386,29,1546676.448275862,1546676.448275862,24.723514211886304,0,0,0,0,0,29,1460,1196,24.723514211886304,0.0,0.0,0.0
387,32,1751533.125,1751533.125,23.855670103092784,0,0,0,0,0,32,1460,1157,23.855670103092784,0.0,0.0,0.0
388,32,1751012.0,1751012.0,24.0,0,0,0,0,0,32,1460,1167,24.0,0.0,0.0,0.0
389,34,1427875.6764705882,1427875.6764705882,24.553846153846155,0,0,0,0,0,34,1460,1197,24.553846153846155,0.0,0.0,0.0
390,32,1633292.5,1633292.5,25.88235294117647,0,0,0,0,0,32,1460,1265,25.88235294117647,0.0,0.0,0.0
391,32,1749398.8125,1749398.8125,24.551020408163264,0,0,0,0,0,32,1460,1203,24.551020408163264,0.0,0.0,0.0
392,35,1706998.3714285714,1706998.3714285714,24.061068702290076,1,0,0,0,0,35,1460,1182,24.061068702290076,0.0,0.0,0.0
393,32,1631745.15625,1631745.15625,24.913705583756347,0,0,0,0,0,32,1460,1227,24.913705583756347,0.0,0.0,0.0
394,26,1434218.3076923077,1434218.3076923077,22.09620253164557,1,0,0,0,0,26,1460,1091,22.09620253164557,0.0,0.0,0.0
395,40,1398093.0,1398093.0,26.565656565656564,0,0,0,0,0,40,1460,1315,26.565656565656564,0.0,0.0,0.0
396,32,1630233.1875,1630233.1875,24.96725440806045,0,0,0,0,0,32,1460,1239,24.96725440806045,0.0,0.0,0.0
397,71,737851.9154929577,737851.9154929577,315.7185929648241,0,0,0,0,0,71,1460,15707,315.7185929648241,0.0,0.0,0.0
398,98,611055.1428571428,611055.1428571428,819.9899749373434,0,0,0,0,0,98,1460,40897,819.9899749373434,0.0,0.0,0.0
399,33,1692129.6666666667,1692129.6666666667,24.88,0,0,0,0,0,33,1460,1244,24.88,0.0,0.0,0.0
400,27,1654008.962962963,1654008.962962963,20.428927680798004,0,0,0,0,0,27,1460,1024,20.428927680798004,0.0,0.0,0.0
401,38,1469907.9210526317,1469907.9210526317,28.079601990049753,0,0,0,0,0,38,1460,1411,28.079601990049753,0.0,0.0,0.0
402,24,936717.1666666666,936717.1666666666,155.37468982630273,0,0,0,0,0,24,1460,7827,155.37468982630273,0.0,0.0,0.0
403,30,1308.6333333333334,1308.6333333333334,162.95049504950495,1,0,1,0,0,30,1460,8229,162.95049504950495,3.3333333333333335,0.0,0.0
404,4,631.5,631.5,5.7481481481481485,0,0,0,0,0,4,1460,291,5.7481481481481485,0.0,0.0,0.0
405,4,1579.0,1579.0,1.5566502463054188,0,0,0,0,0,4,1460,79,1.5566502463054188,0.0,0.0,0.0
409,3,206.66666666666666,206.66666666666666,1.1317073170731706,0,0,0,0,0,3,1460,58,1.1317073170731706,0.0,0.0,0.0
411,7,1593742.7142857143,1593742.7142857143,13.650485436893204,0,0,0,0,0,7,1460,703,13.650485436893204,0.0,0.0,0.0
414,2,149160.0,149160.0,0.25060240963855424,1,0,0,0,0,2,1460,13,0.25060240963855424,0.0,0.0,0.0
417,2,22048.0,22048.0,0.24880382775119617,1,0,0,0,0,2,1460,13,0.24880382775119617,0.0,0.0,0.0
420,4,30699.75,30699.75,0.49406175771971494,1,0,0,0,0,4,1460,26,0.49406175771971494,0.0,0.0,0.0
429,3,204.0,204.0,1.0790697674418606,0,0,0,0,0,3,1460,58,1.0790697674418606,0.0,0.0,0.0
430,5,3578.6,3578.6,0.42691415313225056,1,0,0,0,0,5,1460,23,0.42691415313225056,0.0,0.0,0.0
431,52,793576.9807692308,793576.9807692308,543.8703703703703,0,0,0,0,0,52,1460,29369,543.8703703703703,0.0,0.0,0.0
432,269,1574999.6765799257,1574999.6765799257,6959.408775981524,1,0,27,24,0,269,1460,376678,6959.408775981524,10.037174721189592,0.0,0.0
433,399,1784375.0726817043,1784375.0726817043,9281.493087557603,1,0,43,31,0,399,1460,503521,9281.493087557603,10.776942355889723,0.0,0.0
434,62,1301610.6612903227,1301610.6612903227,686.2712643678161,0,0,0,0,0,62,1460,37316,686.2712643678161,0.0,0.0,0.0
435,270,1937827.9481481481,1937827.9481481481,6495.4495412844035,1,0,38,26,2,270,1460,354002,6495.4495412844035,14.074074074074074,0.7407407407407408,0.0
436,373,1941929.2252010724,1941929.2252010724,8013.803203661328,1,0,40,29,0,373,1460,437754,8013.803203661328,10.723860589812332,0.0,0.0
437,118,1089863.3220338982,1089863.3220338982,2369.8264840182646,0,0,0,0,0,118,1460,129748,2369.8264840182646,0.0,0.0,0.0
438,234,1820142.3333333333,1820142.3333333333,5454.414578587699,1,0,16,6,0,234,1460,299311,5454.414578587699,6.837606837606838,0.0,0.0
439,289,1886188.6089965398,1886188.6089965398,7066.072727272727,1,0,32,15,1,289,1460,388634,7066.072727272727,11.072664359861593,0.34602076124567477,0.0
440,311,2419036.8263665596,2419036.8263665596,7315.755102040816,1,0,41,30,3,311,1460,403281,7315.755102040816,13.183279742765272,0.964630225080386,0.0
441,236,2148098.8220338984,2148098.8220338984,4951.149321266968,1,0,18,10,1,236,1460,273551,4951.149321266968,7.627118644067797,0.423728813559322,0.0
442,405,2350602.837037037,2350602.837037037,10381.670428893905,1,0,38,20,1,405,1460,574885,10381.670428893905,9.382716049382717,0.24691358024691357,0.0
443,295,2575525.5457627117,2575525.5457627117,7204.864864864865,1,0,24,20,0,295,1460,399870,7204.864864864865,8.135593220338983,0.0,0.0
444,61,1523595.8032786886,1523595.8032786886,514.8044943820224,1,0,10,5,1,61,1460,28636,514.8044943820224,16.39344262295082,1.639344262295082,0.0
445,6,1211268.5,1211268.5,42.24215246636771,0,0,0,0,0,6,1460,2355,42.24215246636771,0.0,0.0,0.0
446,4,3539367.75,3539367.75,11.865771812080537,0,0,0,0,0,4,1460,663,11.865771812080537,0.0,0.0,0.0
447,1,0.0,0.0,2.6964285714285716,0,0,1,0,0,1,1460,151,2.6964285714285716,100.0,0.0,0.0
448,8,2654288.125,2654288.125,22.610244988864142,0,0,0,0,0,8,1460,1269,22.610244988864142,0.0,0.0,0.0
449,22,1307812.5454545454,1307812.5454545454,133.81333333333333,0,0,0,0,0,22,1460,7527,133.81333333333333,0.0,0.0,0.0
450,22,988739.8636363636,988739.8636363636,173.26829268292684,0,0,0,0,0,22,1460,9768,173.26829268292684,0.0,0.0,0.0
451,19,1147143.4210526317,1147143.4210526317,117.02654867256638,0,0,0,0,0,19,1460,6612,117.02654867256638,0.0,0.0,0.0
452,23,3082454.913043478,3082454.913043478,33.43046357615894,0,0,0,0,0,23,1460,1893,33.43046357615894,0.0,0.0,0.0
453,32,3096246.625,3096246.625,23.45374449339207,0,0,0,0,0,32,1460,1331,23.45374449339207,0.0,0.0,0.0
454,25,3113440.6,3113440.6,20.694505494505496,0,0,0,0,0,25,1460,1177,20.694505494505496,0.0,0.0,0.0
455,25,3395982.8,3395982.8,18.140350877192983,0,0,0,0,0,25,1460,1034,18.140350877192983,0.0,0.0,0.0
456,28,3031651.3571428573,3031651.3571428573,20.954048140043763,0,0,0,0,0,28,1460,1197,20.954048140043763,0.0,0.0,0.0
457,21,2042399.8095238095,2042399.8095238095,92.33187772925764,0,0,0,0,0,21,1460,5286,92.33187772925764,0.0,0.0,0.0
458,31,2965605.1612903224,2965605.1612903224,21.751633986928105,0,0,0,0,0,31,1460,1248,21.751633986928105,0.0,0.0,0.0
459,52,1909689.0384615385,1909689.0384615385,120.43478260869566,1,0,0,0,0,52,1460,6925,120.43478260869566,0.0,0.0,0.0
460,23,3381184.1739130435,3381184.1739130435,16.086767895878523,0,0,0,0,0,23,1460,927,16.086767895878523,0.0,0.0,0.0
461,23,3073369.782608696,3073369.782608696,18.77056277056277,0,0,0,0,0,23,1460,1084,18.77056277056277,0.0,0.0,0.0
462,33,3426779.9696969697,3426779.9696969697,19.2829373650108,0,0,0,0,0,33,1460,1116,19.2829373650108,0.0,0.0,0.0
463,28,3280866.1071428573,3280866.1071428573,19.586206896551722,0,0,0,0,0,28,1460,1136,19.586206896551722,0.0,0.0,0.0
464,31,3190848.0322580645,3190848.0322580645,20.559139784946236,0,0,0,0,0,31,1460,1195,20.559139784946236,0.0,0.0,0.0
465,31,2962434.290322581,2962434.290322581,20.892703862660944,0,0,0,0,0,31,1460,1217,20.892703862660944,0.0,0.0,0.0
466,35,3228894.742857143,3228894.742857143,20.299785867237688,0,0,0,0,0,35,1460,1185,20.299785867237688,0.0,0.0,0.0
467,27,3138672.888888889,3138672.888888889,16.99145299145299,0,0,1,0,0,27,1460,994,16.99145299145299,3.7037037037037033,0.0,0.0
468,22,2567656.9545454546,2567656.9545454546,17.825159914712152,0,0,2,0,0,22,1460,1045,17.825159914712152,9.090909090909092,0.0,0.0
469,29,2921403.5517241377,2921403.5517241377,19.642553191489363,0,0,1,0,0,29,1460,1154,19.642553191489363,3.4482758620689653,0.0,0.0
470,12,3529568.25,3529568.25,11.24416135881104,0,0,0,0,0,12,1460,662,11.24416135881104,0.0,0.0,0.0
471,22,2887469.9545454546,2887469.9545454546,18.389830508474578,0,0,1,0,0,22,1460,1085,18.389830508474578,4.545454545454546,0.0,0.0
472,35,3024574.314285714,3024574.314285714,20.32980972515856,0,0,0,0,0,35,1460,1202,20.32980972515856,0.0,0.0,0.0
473,28,2772006.8571428573,2772006.8571428573,18.78481012658228,0,0,0,0,0,28,1460,1113,18.78481012658228,0.0,0.0,0.0
474,22,2565428.5,2565428.5,18.812631578947368,0,0,0,0,0,22,1460,1117,18.812631578947368,0.0,0.0,0.0
475,44,1934424.5,1934424.5,148.11764705882354,1,0,1,0,0,44,1460,8813,148.11764705882354,2.272727272727273,0.0,0.0
476,21,3022751.9523809524,3022751.9523809524,17.861635220125788,0,0,0,0,0,21,1460,1065,17.861635220125788,0.0,0.0,0.0
477,29,3404385.4482758623,3404385.4482758623,18.326359832635983,0,0,0,0,0,29,1460,1095,18.326359832635983,0.0,0.0,0.0
478,21,3021786.619047619,3021786.619047619,16.116910229645093,0,0,0,0,0,21,1460,965,16.116910229645093,0.0,0.0,0.0
479,27,3394400.962962963,3394400.962962963,17.7,0,0,0,0,0,27,1460,1062,17.7,0.0,0.0,0.0
480,26,3253326.5,3253326.5,17.82952182952183,0,0,0,0,0,26,1460,1072,17.82952182952183,0.0,0.0,0.0
481,16,3083415.4375,3083415.4375,16.564315352697097,0,0,0,0,0,16,1460,998,16.564315352697097,0.0,0.0,0.0
482,29,2915927.0,2915927.0,19.610766045548655,0,0,0,0,0,29,1460,1184,19.610766045548655,0.0,0.0,0.0
483,27,3131425.407407407,3131425.407407407,18.297520661157026,0,0,1,0,0,27,1460,1107,18.297520661157026,3.7037037037037033,0.0,0.0
484,28,2770544.3571428573,2770544.3571428573,19.298969072164947,1,0,0,0,0,28,1460,1170,19.298969072164947,0.0,0.0,0.0
485,25,3380907.56,3380907.56,16.279835390946502,0,0,0,0,0,25,1460,989,16.279835390946502,0.0,0.0,0.0
486,32,3081073.6875,3081073.6875,20.041067761806982,0,0,0,0,0,32,1460,1220,20.041067761806982,0.0,0.0,0.0
487,32,3300647.4375,3300647.4375,19.360655737704917,0,0,0,0,0,32,1460,1181,19.360655737704917,0.0,0.0,0.0
488,33,2989634.5757575757,2989634.5757575757,20.319018404907975,1,0,0,0,0,33,1460,1242,20.319018404907975,0.0,0.0,0.0
489,26,2436591.6153846155,2436591.6153846155,19.771428571428572,0,0,0,0,0,26,1460,1211,19.771428571428572,0.0,0.0,0.0
490,9,3910069.111111111,3910069.111111111,10.020366598778004,0,0,0,0,0,9,1460,615,10.020366598778004,0.0,0.0,0.0
491,46,1529881.347826087,1529881.347826087,71.6260162601626,0,0,0,0,0,46,1460,4405,71.6260162601626,0.0,0.0,0.0
492,28,3015448.535714286,3015448.535714286,18.20689655172414,0,0,0,0,0,28,1460,1122,18.20689655172414,0.0,0.0,0.0
493,29,3153541.4827586208,3153541.4827586208,17.975708502024293,0,0,0,0,0,29,1460,1110,17.975708502024293,0.0,0.0,0.0
494,35,3215409.9714285713,3215409.9714285713,20.21818181818182,0,0,0,0,0,35,1460,1251,20.21818181818182,0.0,0.0,0.0
495,33,2986041.8484848486,2986041.8484848486,18.467741935483872,1,0,0,0,0,33,1460,1145,18.467741935483872,0.0,0.0,0.0
496,33,3196110.393939394,3196110.393939394,19.29979879275654,0,0,0,0,0,33,1460,1199,19.29979879275654,0.0,0.0,0.0
497,31,2948184.35483871,2948184.35483871,20.53012048192771,0,0,0,0,0,31,1460,1278,20.53012048192771,0.0,0.0,0.0
498,26,2973854.1153846155,2973854.1153846155,17.715430861723448,0,0,1,0,0,26,1460,1105,17.715430861723448,3.8461538461538463,0.0,0.0
499,35,2811122.0,2811122.0,30.256,0,0,0,0,0,35,1460,1891,30.256,0.0,0.0,0.0
500,33,3406708.121212121,3406708.121212121,19.43313373253493,0,0,0,0,0,33,1460,1217,19.43313373253493,0.0,0.0,0.0
501,30,2810045.1,2810045.1,18.884462151394423,0,0,0,0,0,30,1460,1185,18.884462151394423,0.0,0.0,0.0
502,33,3405586.0,3405586.0,17.081510934393638,0,0,0,0,0,33,1460,1074,17.081510934393638,0.0,0.0,0.0
503,29,3148221.172413793,3148221.172413793,17.714285714285715,0,0,0,0,0,29,1460,1116,17.714285714285715,0.0,0.0,0.0
504,33,2987997.1515151514,2987997.1515151514,19.08910891089109,1,0,0,0,0,33,1460,1205,19.08910891089109,0.0,0.0,0.0
505,31,3170657.0967741935,3170657.0967741935,19.114624505928855,0,0,0,0,0,31,1460,1209,19.114624505928855,0.0,0.0,0.0
506,23,3357185.6086956523,3357185.6086956523,16.284023668639055,0,0,0,0,0,23,1460,1032,16.284023668639055,0.0,0.0,0.0
507,29,2662161.0344827585,2662161.0344827585,19.984251968503937,0,0,0,0,0,29,1460,1269,19.984251968503937,0.0,0.0,0.0
508,27,3118816.3703703703,3118816.3703703703,17.414538310412574,0,0,0,0,0,27,1460,1108,17.414538310412574,0.0,0.0,0.0
509,26,2968453.8846153845,2968453.8846153845,16.266666666666666,0,0,0,0,0,26,1460,1037,16.266666666666666,0.0,0.0,0.0
510,15,3273746.066666667,3273746.066666667,14.38747553816047,0,0,0,0,0,15,1460,919,14.38747553816047,0.0,0.0,0.0
511,20,3156465.65,3156465.65,16.296875,0,0,0,0,0,20,1460,1043,16.296875,0.0,0.0,0.0
512,28,3005673.535714286,3005673.535714286,18.198830409356724,0,0,0,0,0,28,1460,1167,18.198830409356724,0.0,0.0,0.0
513,25,3085367.36,3085367.36,17.72762645914397,0,0,0,0,0,25,1460,1139,17.72762645914397,0.0,0.0,0.0
514,30,3271821.466666667,3271821.466666667,18.345631067961165,0,0,0,0,0,30,1460,1181,18.345631067961165,0.0,0.0,0.0
515,21,3004266.904761905,3004266.904761905,16.186046511627907,0,0,0,0,0,21,1460,1044,16.186046511627907,0.0,0.0,0.0
516,33,3185842.909090909,3185842.909090909,18.95551257253385,0,0,0,0,0,33,1460,1225,18.95551257253385,0.0,0.0,0.0
517,34,2074959.9411764706,2074959.9411764706,84.77220077220078,0,0,0,0,0,34,1460,5489,84.77220077220078,0.0,0.0,0.0
518,9,3114182.111111111,3114182.111111111,12.393063583815028,0,0,0,0,0,9,1460,804,12.393063583815028,0.0,0.0,0.0
519,25,3082598.24,3082598.24,17.646153846153847,0,0,0,0,0,25,1460,1147,17.646153846153847,0.0,0.0,0.0
520,52,1751657.5576923077,1751657.5576923077,107.93090211132437,1,0,0,0,0,52,1460,7029,107.93090211132437,0.0,0.0,0.0
521,17,3295941.470588235,3295941.470588235,14.022988505747126,0,0,0,0,0,17,1460,915,14.022988505747126,0.0,0.0,0.0
522,28,3251326.6428571427,3251326.6428571427,16.351816443594647,0,0,0,0,0,28,1460,1069,16.351816443594647,0.0,0.0,0.0
523,30,3034077.6,3034077.6,17.87786259541985,0,0,0,0,0,30,1460,1171,17.87786259541985,0.0,0.0,0.0
524,24,2056719.5,2056719.5,102.43047619047618,0,0,0,0,0,24,1460,6722,102.43047619047618,0.0,0.0,0.0
525,2,60778.0,60778.0,15.300380228136882,0,0,0,0,0,2,1460,1006,15.300380228136882,0.0,0.0,0.0
528,1,0.0,0.0,0.09073724007561437,0,0,1,0,0,1,1460,6,0.09073724007561437,100.0,0.0,0.0
529,2,42467.0,42467.0,0.19622641509433963,1,0,0,0,0,2,1460,13,0.19622641509433963,0.0,0.0,0.0
530,3,190.66666666666666,190.66666666666666,0.8738229755178908,0,0,0,0,0,3,1460,58,0.8738229755178908,0.0,0.0,0.0
533,2,48012.5,48012.5,0.1947565543071161,1,0,0,0,0,2,1460,13,0.1947565543071161,0.0,0.0,0.0
540,2,41336.0,41336.0,0.1922365988909427,1,0,0,0,0,2,1460,13,0.1922365988909427,0.0,0.0,0.0
544,26,1353.5,1353.5,141.38715596330275,0,0,0,0,0,26,1460,9632,141.38715596330275,0.0,0.0,0.0
547,7,4000285.285714286,4000285.285714286,11.357664233576642,0,0,0,0,0,7,1460,778,11.357664233576642,0.0,0.0,0.0
548,1,0.0,0.0,0.08743169398907104,0,0,0,0,0,1,1460,6,0.08743169398907104,0.0,0.0,0.0
549,5,59776.8,59776.8,1.0327272727272727,1,0,0,0,0,5,1460,71,1.0327272727272727,0.0,0.0,0.0
557,27,1197.851851851852,1197.851851851852,81.1326164874552,1,0,0,1,1,27,1460,5659,81.1326164874552,0.0,3.7037037037037033,0.0
559,3,28303.333333333332,28303.333333333332,0.42857142857142855,0,0,0,0,0,3,1460,30,0.42857142857142855,0.0,0.0,0.0
563,3,32000.333333333332,32000.333333333332,0.425531914893617,0,0,0,0,0,3,1460,30,0.425531914893617,0.0,0.0,0.0
564,7,170485.2857142857,170485.2857142857,0.8070796460176991,0,0,1,1,0,7,1460,57,0.8070796460176991,14.285714285714285,0.0,0.0
565,2,3196.5,3196.5,0.24028268551236748,1,0,0,0,0,2,1460,17,0.24028268551236748,0.0,0.0,0.0
569,3,185.33333333333334,185.33333333333334,0.8140350877192982,0,0,0,0,0,3,1460,58,0.8140350877192982,0.0,0.0,0.0
570,7,29171.85714285714,29171.85714285714,2.8861646234676006,1,0,1,0,0,7,1460,206,2.8861646234676006,14.285714285714285,0.0,0.0
571,1,0.0,0.0,0.16783216783216784,0,0,1,0,0,1,1460,12,0.16783216783216784,100.0,0.0,0.0
573,1,0.0,0.0,0.1672473867595819,0,0,1,0,0,1,1460,12,0.1672473867595819,100.0,0.0,0.0
577,19,53369.57894736842,53369.57894736842,61.71626297577855,0,0,1,0,0,19,1460,4459,61.71626297577855,5.263157894736842,0.0,0.0
580,20,762.1,762.1,80.30292598967297,0,0,0,0,0,20,1460,5832,80.30292598967297,0.0,0.0,0.0
585,1,0.0,0.0,0.16382252559726962,0,0,1,0,0,1,1460,12,0.16382252559726962,100.0,0.0,0.0
587,6,3500103.3333333335,3500103.3333333335,2.5850340136054424,0,0,0,0,0,6,1460,190,2.5850340136054424,0.0,0.0,0.0
588,5,2799872.8,2799872.8,8.135823429541595,0,0,0,0,0,5,1460,599,8.135823429541595,0.0,0.0,0.0
589,2,2104.0,2104.0,0.17627118644067796,1,0,0,0,0,2,1460,13,0.17627118644067796,0.0,0.0,0.0
590,3,182.66666666666666,182.66666666666666,0.7851099830795262,0,0,0,0,0,3,1460,58,0.7851099830795262,0.0,0.0,0.0
599,10,323.8,323.8,37.74666666666667,0,0,0,0,0,10,1460,2831,37.74666666666667,0.0,0.0,0.0
600,17,916.8823529411765,916.8823529411765,22.615640599001665,1,0,1,1,0,17,1460,1699,22.615640599001665,5.88235294117647,0.0,0.0
601,57,3643.2280701754385,3643.2280701754385,658.405315614618,1,0,1,0,0,57,1460,49545,658.405315614618,1.7543859649122806,0.0,0.0
602,37,2091.9189189189187,2091.9189189189187,432.42454394693203,1,0,1,1,0,37,1460,32594,432.42454394693203,2.7027027027027026,0.0,0.0
604,3,8566.0,8566.0,0.07933884297520662,0,0,0,0,0,3,1460,6,0.07933884297520662,0.0,0.0,0.0
605,5,0.0,0.0,3.1947194719471947,0,0,0,0,0,5,1460,242,3.1947194719471947,0.0,0.0,0.0
606,8,1768.5,1768.5,58.64909390444811,0,0,0,0,0,8,1460,4450,58.64909390444811,0.0,0.0,0.0
